body_id,type,class,superclass,sign
10030,pIP1,,descending_neuron,1
10038,pIP1,,descending_neuron,1
10044,SMP108,,cb_intrinsic,1
10065,DNb05,,descending_neuron,1
10067,MeVPLp1,,visual_projection,1
10074,PVLP010,,cb_intrinsic,0
10084,DP1m_adPN,ALPN,cb_intrinsic,1
10092,aMe17a,,visual_centrifugal,0
10094,AVLP597,,cb_intrinsic,-1
10104,aSP22,,descending_neuron,1
10109,VES041,,cb_intrinsic,-1
10118,DNb05,,descending_neuron,1
10121,MeVPLp1,,visual_projection,1
10122,SMP108,,cb_intrinsic,1
10123,DNg30,,descending_neuron,0
10126,DP1m_adPN,ALPN,cb_intrinsic,1
10132,LoVC1,,visual_centrifugal,0
10159,GNG702m,,cb_intrinsic,0
10165,AN05B101,,ascending_neuron,-1
10167,VES041,,cb_intrinsic,-1
10176,DM1_lPN,ALPN,cb_intrinsic,1
10191,GNG661,,cb_intrinsic,1
10195,DNp29,,descending_neuron,0
10201,lLN2T_c,ALLN,cb_intrinsic,1
10208,DM1_lPN,ALPN,cb_intrinsic,1
10223,DNpe056,,descending_neuron,1
10230,SIP136m,,cb_intrinsic,1
10237,DNg30,,descending_neuron,0
10245,DNp36,,descending_neuron,0
10252,CL001,,cb_intrinsic,0
10261,Dm19,,ol_intrinsic,0
10262,V_ilPN,ALPN,cb_intrinsic,1
10273,SIP136m,,cb_intrinsic,1
10280,DNp47,,descending_neuron,1
10283,DNp103,,descending_neuron,1
10292,GNG702m,,cb_intrinsic,0
10317,LPT59,,visual_centrifugal,0
10328,SMP709m,,cb_intrinsic,1
10338,LoVC11,,visual_centrifugal,-1
10345,LT40,,visual_centrifugal,-1
10349,Dm19,,ol_intrinsic,0
10356,LHPV5e3,,cb_intrinsic,1
10375,AVLP535,,cb_intrinsic,-1
10387,LT83,,visual_projection,1
10388,DNp13,,descending_neuron,1
10390,VA2_adPN,ALPN,cb_intrinsic,1
10395,CL365,,cb_intrinsic,0
10400,LT83,,visual_projection,1
10404,AVLP082,,cb_intrinsic,-1
10417,DNp103,,descending_neuron,1
10425,DNp10,,descending_neuron,1
10433,DNp10,,descending_neuron,1
10441,dCal1,,ol_intrinsic,-1
10445,LT11,,visual_projection,-1
10458,DNp13,,descending_neuron,1
10470,DC1_adPN,ALPN,cb_intrinsic,1
10476,LT11,,visual_projection,-1
10504,DNp62,,descending_neuron,0
10507,GNG701m,,cb_intrinsic,0
10522,VL2p_adPN,ALPN,cb_intrinsic,1
10552,DNp29,,descending_neuron,0
10561,VA2_adPN,ALPN,cb_intrinsic,1
10569,DC1_adPN,ALPN,cb_intrinsic,1
10572,Dm19,,ol_intrinsic,0
10576,AN12B004,,ascending_neuron,-1
10590,DNpe052,,descending_neuron,1
10604,CL063,,cb_intrinsic,-1
10672,DNae009,,descending_neuron,1
10673,GNG002,,cb_intrinsic,0
10680,DNp48,,descending_neuron,1
10685,LoVP101,,visual_projection,1
10689,AN12B001,,ascending_neuron,-1
10693,LoVP101,,visual_projection,1
10712,DNp36,,descending_neuron,0
10713,DNp42,,descending_neuron,1
10724,DNp62,,descending_neuron,0
10730,LoVC21,,visual_centrifugal,-1
10732,DNpe056,,descending_neuron,1
10750,MeVC3,,visual_centrifugal,1
10762,LoVC2,,visual_centrifugal,-1
10781,PS088,,cb_intrinsic,-1
10787,LT35,,visual_centrifugal,-1
10794,PLP074,,cb_intrinsic,-1
10797,AN12B001,,ascending_neuron,-1
10804,MBON20,MBON,cb_intrinsic,-1
10813,DNp43,,descending_neuron,1
10823,DNp48,,descending_neuron,1
10832,GNG302,,cb_intrinsic,-1
10853,DNge049,,descending_neuron,1
10865,H1,ol_bilateral,ol_intrinsic,0
10886,GNG302,,cb_intrinsic,-1
10928,LPT59,,visual_centrifugal,0
10931,DNpe045,,descending_neuron,1
10936,LT61b,,visual_projection,1
10953,Dm19,,ol_intrinsic,0
10957,DNp69,,descending_neuron,1
10990,Cm35,,ol_intrinsic,-1
11015,MeVPMe3,,visual_projection,0
11019,Dm19,,ol_intrinsic,0
11024,Dm19,,ol_intrinsic,0
11035,LoVC6,,visual_centrifugal,-1
11042,LHCENT10,,cb_intrinsic,-1
11043,LPT60,,cb_intrinsic,1
11077,vCal3,,visual_projection,1
11130,Cm35,,ol_intrinsic,-1
11131,DNg70,,descending_neuron,-1
11145,MBON20,MBON,cb_intrinsic,-1
11152,PLP032,,cb_intrinsic,1
11192,CRE040,,cb_intrinsic,-1
11199,LAL123,,cb_intrinsic,0
11226,LHCENT10,,cb_intrinsic,-1
11229,V_ilPN,ALPN,cb_intrinsic,1
11254,LT41,,visual_centrifugal,-1
11279,CL365,,cb_intrinsic,0
11310,DNge048,,descending_neuron,1
11342,lLN2X04,ALLN,cb_intrinsic,1
11345,lLN2X11,ALLN,cb_intrinsic,1
11357,GNG121,,cb_intrinsic,-1
11412,Dm19,,ol_intrinsic,0
11421,DNge048,,descending_neuron,1
11431,AN05B102a,,ascending_neuron,1
11474,Dm19,,ol_intrinsic,0
11475,DNg27,,descending_neuron,0
11537,CL365,,cb_intrinsic,0
11550,Dm19,,ol_intrinsic,0
11556,lLN2T_d,ALLN,cb_intrinsic,0
11569,5-HTPLP01,,cb_intrinsic,0
11575,DNge049,,descending_neuron,1
11580,AVLP539,,cb_intrinsic,0
11589,GNG311,,cb_intrinsic,1
11594,lLN2X11,ALLN,cb_intrinsic,1
11601,5-HTPLP01,,cb_intrinsic,0
11618,PPL102,DAN,cb_intrinsic,0
11628,LT40,,visual_centrifugal,-1
11638,LoVC19,,visual_centrifugal,1
11640,SLP438,,cb_intrinsic,0
11642,GNG311,,cb_intrinsic,1
11655,Dm19,,ol_intrinsic,0
11657,DNpe005,,descending_neuron,1
11658,LoVCLo1,,visual_centrifugal,1
11682,LHCENT10,,cb_intrinsic,-1
11684,MeVPLp2,ol_bilateral,ol_intrinsic,0
11687,DNpe031,,descending_neuron,0
11712,PLP019,,cb_intrinsic,-1
11737,DNge073,,descending_neuron,1
11741,mALB1,,cb_intrinsic,-1
11762,PVLP013,,cb_intrinsic,1
11765,DNge142,,descending_neuron,-1
11802,LT46,,visual_centrifugal,-1
11838,Li17,,ol_intrinsic,-1
11843,LoVCLo1,,visual_centrifugal,1
11853,MeVPMe1,,visual_projection,0
11877,PLP032,,cb_intrinsic,1
11894,MeLo8,,ol_intrinsic,-1
11918,aMe4,,visual_centrifugal,1
11931,DNd04,,descending_neuron,0
11940,MeLo8,,ol_intrinsic,-1
11948,DNge142,,descending_neuron,-1
11952,lLN2X11,ALLN,cb_intrinsic,1
11959,SLP056,,cb_intrinsic,-1
11965,DNge053,,descending_neuron,1
11967,MeVC9,,visual_centrifugal,1
11969,SLP004,,cb_intrinsic,-1
11997,SLP004,,cb_intrinsic,-1
12003,LHCENT10,,cb_intrinsic,-1
12004,MeLo8,,ol_intrinsic,-1
12021,Dm19,,ol_intrinsic,0
12085,DNge136,,descending_neuron,-1
12087,Dm19,,ol_intrinsic,0
12106,FB1G,CX,cb_intrinsic,1
12125,AVLP029,,cb_intrinsic,-1
12154,AN12B004,,ascending_neuron,-1
12179,DNpe031,,descending_neuron,0
12200,Dm19,,ol_intrinsic,0
12204,Dm19,,ol_intrinsic,0
12205,AVLP539,,cb_intrinsic,0
12218,DNpe031,,descending_neuron,0
12222,DNpe031,,descending_neuron,0
12230,GNG043,,cb_intrinsic,-1
12240,aMe17b,,visual_centrifugal,-1
12283,AVLP533,,cb_intrinsic,-1
12320,lLN2X11,ALLN,cb_intrinsic,1
12331,MeLo8,,ol_intrinsic,-1
12343,LHCENT6,,cb_intrinsic,-1
12374,DNge140,,descending_neuron,1
12396,AVLP533,,cb_intrinsic,-1
12407,DNge136,,descending_neuron,-1
12423,AVLP536,,cb_intrinsic,0
12472,PLP259,,cb_intrinsic,0
12490,DNd04,,descending_neuron,0
12538,Dm6,,ol_intrinsic,0
12540,Dm19,,ol_intrinsic,0
12542,5-HTPMPD01,,cb_intrinsic,0
12561,AVLP030,,cb_intrinsic,-1
12572,LHCENT6,,cb_intrinsic,-1
12577,PLP260,,cb_intrinsic,0
12591,MeVPMe1,,visual_projection,0
12601,DNge122,,descending_neuron,-1
12632,Dm19,,ol_intrinsic,0
12654,SIP087,,cb_intrinsic,0
12672,Dm19,,ol_intrinsic,0
12706,ExR3,CX,cb_intrinsic,0
12718,aMe17b,,visual_centrifugal,-1
12722,LoVC21,,visual_centrifugal,-1
12750,DNge136,,descending_neuron,-1
12777,GNG572,,cb_intrinsic,0
12808,GNG043,,cb_intrinsic,-1
12823,Dm19,,ol_intrinsic,0
12861,Mi19,,ol_intrinsic,0
12874,DNde001,,descending_neuron,0
12884,Dm19,,ol_intrinsic,0
12896,OA-VUMa5,ALLN,cb_intrinsic,0
12957,LT61b,,visual_projection,1
12976,AN05B007,,ascending_neuron,-1
12986,Dm19,,ol_intrinsic,0
13008,DNge140,,descending_neuron,1
13015,Li11a,,ol_intrinsic,-1
13021,PLP260,,cb_intrinsic,0
13039,Mi19,,ol_intrinsic,0
13087,aMe17b,,visual_centrifugal,-1
13112,MeLo8,,ol_intrinsic,-1
13135,DNge122,,descending_neuron,-1
13191,Li30,,ol_intrinsic,-1
13248,Mi20,,ol_intrinsic,0
13271,PVLP018,,cb_intrinsic,-1
13307,SMP385,,cb_intrinsic,0
13312,PPL203,DAN,cb_intrinsic,0
13315,lLN2P_b,ALLN,cb_intrinsic,-1
13366,DNde001,,descending_neuron,0
13376,Li30,,ol_intrinsic,-1
13408,MeLo8,,ol_intrinsic,-1
13428,PPL102,DAN,cb_intrinsic,0
13485,MeLo8,,ol_intrinsic,-1
13519,GNG701m,,cb_intrinsic,0
13574,OLVC4,,visual_centrifugal,0
13577,MeLo8,,ol_intrinsic,-1
13580,ANXXX027,,ascending_neuron,1
13588,Li30,,ol_intrinsic,-1
13594,MeLo8,,ol_intrinsic,-1
13613,LHPV5e3,,cb_intrinsic,1
13671,MeLo8,,ol_intrinsic,-1
13673,MeLo8,,ol_intrinsic,-1
13715,CL365,,cb_intrinsic,0
13733,MeLo8,,ol_intrinsic,-1
13805,DNg97,,descending_neuron,1
13813,MeLo8,,ol_intrinsic,-1
13849,MeLo8,,ol_intrinsic,-1
13875,MeLo8,,ol_intrinsic,-1
13900,MeLo8,,ol_intrinsic,-1
13907,Li11a,,ol_intrinsic,-1
13926,MeLo8,,ol_intrinsic,-1
13932,SMP181,,cb_intrinsic,0
13964,,,descending_neuron,1
13982,Mi19,,ol_intrinsic,0
13997,MeLo8,,ol_intrinsic,-1
14061,SMP181,,cb_intrinsic,0
14063,AN27X003,,ascending_neuron,0
14107,Dm14,,ol_intrinsic,0
14198,MeLo8,,ol_intrinsic,-1
14245,MeLo8,,ol_intrinsic,-1
14246,AN17B012,,ascending_neuron,-1
14380,MeLo8,,ol_intrinsic,-1
14383,TmY19a,,ol_intrinsic,-1
14387,DNge151,,descending_neuron,0
14452,MeLo8,,ol_intrinsic,-1
14462,MeLo8,,ol_intrinsic,-1
14528,MeLo8,,ol_intrinsic,-1
14599,Pm7,,ol_intrinsic,-1
14690,TmY19a,,ol_intrinsic,-1
14705,PPL107,DAN,cb_intrinsic,0
14709,MeLo8,,ol_intrinsic,-1
14778,MeLo8,,ol_intrinsic,-1
14879,Li11a,,ol_intrinsic,-1
14892,Pm9,,ol_intrinsic,-1
14899,AN05B006,,ascending_neuron,-1
14903,Li17,,ol_intrinsic,-1
14939,PLP259,,cb_intrinsic,0
14979,MeLo8,,ol_intrinsic,-1
15052,PVLP100,,cb_intrinsic,-1
15057,Li11b,,ol_intrinsic,-1
15073,MeLo8,,ol_intrinsic,-1
15091,MeLo8,,ol_intrinsic,-1
15095,MeLo8,,ol_intrinsic,-1
15117,SMP385,,cb_intrinsic,0
15127,Pm9,,ol_intrinsic,-1
15182,Li17,,ol_intrinsic,-1
15243,Pm9,,ol_intrinsic,-1
15310,PPL108,DAN,cb_intrinsic,0
15429,CL360,,cb_intrinsic,0
15468,MeLo8,,ol_intrinsic,-1
15510,Pm9,,ol_intrinsic,-1
15693,PPL203,DAN,cb_intrinsic,0
15736,TmY19a,,ol_intrinsic,-1
15752,Dm14,,ol_intrinsic,0
15829,Li17,,ol_intrinsic,-1
16170,Dm14,,ol_intrinsic,0
16184,Pm9,,ol_intrinsic,-1
16260,Li17,,ol_intrinsic,-1
16297,AN00A006,,ascending_neuron,-1
16396,TmY19a,,ol_intrinsic,-1
16429,Li17,,ol_intrinsic,-1
16659,PVLP011,,cb_intrinsic,-1
16683,Cm26,,ol_intrinsic,0
16940,Pm6,,ol_intrinsic,-1
17155,5-HTPMPD01,,cb_intrinsic,0
17239,Pm10,,ol_intrinsic,-1
17513,AN05B009,,ascending_neuron,-1
17525,Pm9,,ol_intrinsic,-1
17534,Li11b,,ol_intrinsic,-1
17576,Li17,,ol_intrinsic,-1
17699,TmY19a,,ol_intrinsic,-1
17884,TmY19a,,ol_intrinsic,-1
18077,TmY19a,,ol_intrinsic,-1
18225,Li11b,,ol_intrinsic,-1
18278,AN05B029,,ascending_neuron,-1
18413,Li17,,ol_intrinsic,-1
18534,MB-C1,,cb_intrinsic,-1
18568,AN27X003,,ascending_neuron,0
18689,TmY19a,,ol_intrinsic,-1
18940,AN05B006,,ascending_neuron,-1
19006,TmY19a,,ol_intrinsic,-1
19046,TmY19a,,ol_intrinsic,-1
19178,TmY19a,,ol_intrinsic,-1
19440,AN09B016,,ascending_neuron,1
19470,TmY19a,,ol_intrinsic,-1
19860,Pm10,,ol_intrinsic,-1
20065,ANXXX055,,ascending_neuron,1
20260,INXXX056,,vnc_intrinsic,0
20375,Pm10,,ol_intrinsic,-1
20552,LPi2c,,ol_intrinsic,0
20686,Pm10,,ol_intrinsic,-1
21071,LPT23,,visual_projection,1
21502,Pm10,,ol_intrinsic,-1
21692,SIP087,,cb_intrinsic,0
21763,AN13B002,,ascending_neuron,-1
21790,MB-C1,,cb_intrinsic,-1
22531,Pm10,,ol_intrinsic,-1
23382,AN01B002,,ascending_neuron,-1
23477,lLN2X04,ALLN,cb_intrinsic,1
24090,Li26,,ol_intrinsic,-1
24828,lLN2P_b,ALLN,cb_intrinsic,-1
25765,Pm10,,ol_intrinsic,-1
27416,lLN2P_b,ALLN,cb_intrinsic,-1
27614,lLN2P_b,ALLN,cb_intrinsic,-1
28160,CL001,,cb_intrinsic,0
28525,lLN2P_b,ALLN,cb_intrinsic,-1
30088,AN13B002,,ascending_neuron,-1
30194,SAD013,,cb_intrinsic,-1
30724,Tm23,,ol_intrinsic,-1
33037,DNp69,,descending_neuron,1
33047,mALB1,,cb_intrinsic,-1
34321,MB-C1,,cb_intrinsic,-1
36102,DNge136,,descending_neuron,-1
37422,vMS16,,ascending_neuron,0
38425,SMP082,,cb_intrinsic,0
39262,SMP082,,cb_intrinsic,0
39765,CL360,,cb_intrinsic,0
39880,IN27X001,,ascending_neuron,-1
43760,PAL03,,cb_intrinsic,0
46240,AN04A001,,ascending_neuron,1
46388,SMP076,,cb_intrinsic,-1
54130,Dm19,,ol_intrinsic,0
55295,GNG661,,cb_intrinsic,1
57772,MB-C1,,cb_intrinsic,-1
63441,EA06B010,,efferent_ascending,0
66800,AN04A001,,ascending_neuron,1
70167,Li17,,ol_intrinsic,-1
74105,AN17B005,,ascending_neuron,-1
78114,AN04A001,,ascending_neuron,1
80212,AN08B005,,ascending_neuron,1
82880,AN04A001,,ascending_neuron,1
93227,AN04A001,,ascending_neuron,1
98764,AN04A001,,ascending_neuron,1
100059,AN17A015,,ascending_neuron,1
130279,lLN2P_b,ALLN,cb_intrinsic,-1
222154,AN00A002,,ascending_neuron,-1
230783,DNg97,,descending_neuron,1
331721,AN27X004,,ascending_neuron,-1
506334,DNp42,,descending_neuron,1
511797,LoVC11,,visual_centrifugal,-1
512199,Li17,,ol_intrinsic,-1
512273,PAL01,,cb_intrinsic,0
512296,SLP438,,cb_intrinsic,0
513770,MeLo8,,ol_intrinsic,-1
513872,Dm14,,ol_intrinsic,0
514158,TmY19a,,ol_intrinsic,-1
514441,AN00A006,,ascending_neuron,-1
515578,SLP003,,cb_intrinsic,-1
519143,SMP470,,cb_intrinsic,1
519263,LoVC2,,visual_centrifugal,-1
519365,VES092,,cb_intrinsic,-1
519398,SMP048,,cb_intrinsic,1
519616,PPL107,DAN,cb_intrinsic,0
519773,DNge119,,descending_neuron,0
519787,CL357,,cb_intrinsic,0
519862,AVLP029,,cb_intrinsic,-1
520034,AVLP082,,cb_intrinsic,-1
520236,SMP049,,cb_intrinsic,-1
520288,Dm19,,ol_intrinsic,0
520300,DNg75,,descending_neuron,1
520330,MeLo8,,ol_intrinsic,-1
520468,ExR3,CX,cb_intrinsic,0
520547,Dm19,,ol_intrinsic,0
520792,WED104,,cb_intrinsic,-1
520798,LPT23,,visual_projection,1
520816,GNG298,,cb_intrinsic,-1
521059,PLP019,,cb_intrinsic,-1
521158,lLN2X12,ALLN,cb_intrinsic,1
521516,Li30,,ol_intrinsic,-1
521633,MeVC9,,visual_centrifugal,1
521675,AN05B006,,ascending_neuron,-1
521736,SMP709m,,cb_intrinsic,1
522346,PVLP013,,cb_intrinsic,1
522889,MeLo8,,ol_intrinsic,-1
522961,DNp47,,descending_neuron,1
523479,MeLo8,,ol_intrinsic,-1
523564,PVLP011,,cb_intrinsic,-1
523624,PVLP018,,cb_intrinsic,-1
523636,VES092,,cb_intrinsic,-1
523778,Li11b,,ol_intrinsic,-1
523850,TmY19a,,ol_intrinsic,-1
523882,Dm6,,ol_intrinsic,0
524037,MeLo8,,ol_intrinsic,-1
524343,MeLo8,,ol_intrinsic,-1
524518,AN01B002,,ascending_neuron,-1
524883,PLP074,,cb_intrinsic,-1
526311,SMP076,,cb_intrinsic,-1
527591,PAL03,,cb_intrinsic,0
530777,lLN2X04,ALLN,cb_intrinsic,1
530835,AN05B009,,ascending_neuron,-1
531132,DNge073,,descending_neuron,1
531583,WED104,,cb_intrinsic,-1
531768,CL063,,cb_intrinsic,-1
531985,PVLP010,,cb_intrinsic,0
532747,WED184,,cb_intrinsic,-1
532909,LAL123,,cb_intrinsic,0
533470,Li17,,ol_intrinsic,-1
533590,CRE040,,cb_intrinsic,-1
537017,Li15,,ol_intrinsic,-1
537029,MeLo8,,ol_intrinsic,-1
555238,GNG572,,cb_intrinsic,0
555318,lLN2X04,ALLN,cb_intrinsic,1
555472,DNae009,,descending_neuron,1
556570,AN05B010,,ascending_neuron,-1
579932,SLP438,,cb_intrinsic,0
800026,IN05B010,,vnc_intrinsic,-1
800035,IN05B002,,vnc_intrinsic,-1
800040,IN05B002,,vnc_intrinsic,-1
800041,IN27X001,,vnc_intrinsic,-1
800042,IN27X005,,vnc_intrinsic,-1
800048,IN09A001,,vnc_intrinsic,-1
800051,IN07B001,,vnc_intrinsic,1
800053,IN07B001,,vnc_intrinsic,1
800071,IN12B002,,vnc_intrinsic,-1
800073,IN12A001,,vnc_intrinsic,1
800085,IN07B002,,vnc_intrinsic,1
800087,IN05B010,,vnc_intrinsic,-1
800088,INXXX003,,vnc_intrinsic,-1
800098,IN05B010,,vnc_intrinsic,-1
800112,INXXX004,,vnc_intrinsic,-1
800113,IN05B094,,vnc_intrinsic,1
800136,IN06B035,,vnc_intrinsic,-1
800147,IN12A001,,vnc_intrinsic,1
800193,IN01B001,,vnc_intrinsic,-1
800208,IN05B010,,vnc_intrinsic,-1
800220,IN06B016,,vnc_intrinsic,-1
800246,IN12B002,,vnc_intrinsic,-1
800247,IN07B002,,vnc_intrinsic,1
800258,IN05B005,,vnc_intrinsic,-1
800268,IN01B001,,vnc_intrinsic,-1
800320,IN05B011a,,vnc_intrinsic,-1
800441,IN06B016,,vnc_intrinsic,-1
800560,IN06B016,,vnc_intrinsic,-1
800700,IN00A002,,vnc_intrinsic,-1
800972,vMS17,,vnc_intrinsic,0
801045,IN05B033,,vnc_intrinsic,-1
801479,IN27X007,,vnc_intrinsic,0
801519,IN17B010,,vnc_intrinsic,-1
801855,IN27X007,,vnc_intrinsic,0
802053,IN06B035,,vnc_intrinsic,-1
802080,IN27X002,,vnc_intrinsic,0
802174,IN05B013,,vnc_intrinsic,-1
802181,IN05B005,,vnc_intrinsic,-1
802615,IN05B019,,vnc_intrinsic,-1
802652,IN05B013,,vnc_intrinsic,-1
803583,INXXX056,,vnc_intrinsic,0
803745,IN13B104,,vnc_intrinsic,-1
803834,IN13B104,,vnc_intrinsic,-1
805229,IN27X003,,vnc_intrinsic,0
805362,AN27X011,,ascending_neuron,1
811088,IN06B028,,vnc_intrinsic,-1
814356,IN06B028,,vnc_intrinsic,-1
902275,IN06B018,,vnc_intrinsic,-1
910810,IN05B011a,,vnc_intrinsic,-1
913397,IN06B016,,vnc_intrinsic,-1
914445,IN27X005,,vnc_intrinsic,-1
923203,DNpe005,,descending_neuron,1
924571,DNp64,,descending_neuron,1
928274,INXXX003,,vnc_intrinsic,-1
955658695,Li17,,ol_intrinsic,-1
